{"count":1,"self":105.0248384,"total":370.2977807,"children":{"AgentResetIfDone":{"count":193251,"self":3.0387548,"total":3.0387549,"children":null},"AgentSendState":{"count":193251,"self":2.9745238,"total":6.0900989,"children":{"CollectObservations":{"count":38651,"self":3.1155752,"total":3.1155751,"children":null}}},"DecideAction":{"count":193251,"self":209.12579839999998,"total":253.2866149,"children":{"AgentInfo.ToProto":{"count":38651,"self":44.160812799999995,"total":44.1608137,"children":null}}},"AcademyStep":{"count":193251,"self":1.2117673,"total":1.2117673,"children":null},"AgentAct":{"count":193251,"self":1.6437096,"total":1.6437096,"children":null}}}