{"count":1,"self":11.0174576,"total":11.0681905,"children":{"AgentResetIfDone":{"count":481,"self":0.0075707,"total":0.0075707,"children":null},"AgentSendState":{"count":481,"self":0.0059962999999999995,"total":0.0229195,"children":{"CollectObservations":{"count":97,"self":0.0169232,"total":0.0169232,"children":null}}},"DecideAction":{"count":481,"self":0.0057592999999999993,"total":0.0057592999999999993,"children":null},"AcademyStep":{"count":481,"self":0.0058496999999999993,"total":0.0058496999999999993,"children":null},"AgentAct":{"count":481,"self":0.0066387,"total":0.0066387,"children":null}}}