{"count":1,"self":2.8764836,"total":9.4514322,"children":{"AgentResetIfDone":{"count":5917,"self":0.028931,"total":0.028931,"children":null},"AgentSendState":{"count":5917,"self":0.0269743,"total":0.1265253,"children":{"CollectObservations":{"count":2368,"self":0.099551,"total":0.099551,"children":null}}},"DecideAction":{"count":5917,"self":6.1509823999999993,"total":6.1509825,"children":null},"AcademyStep":{"count":5917,"self":0.0130844,"total":0.0130844,"children":null},"AgentAct":{"count":5917,"self":0.2544259,"total":0.2544259,"children":null}}}