{"count":1,"self":592.4803072,"total":1653.776003,"children":{"AgentResetIfDone":{"count":900417,"self":11.9473168,"total":11.9473171,"children":null},"AgentSendState":{"count":900417,"self":11.4394952,"total":24.6096503,"children":{"CollectObservations":{"count":180084,"self":13.1701552,"total":13.1701552,"children":null}}},"DecideAction":{"count":900417,"self":843.88889599999993,"total":1011.2773205,"children":{"AgentInfo.ToProto":{"count":180084,"self":167.3884416,"total":167.3884357,"children":null}}},"AcademyStep":{"count":900417,"self":5.617716,"total":5.6177161,"children":null},"AgentAct":{"count":900417,"self":7.8426839999999993,"total":7.8426841,"children":null}}}