{"count":1,"self":8.780127199999999,"total":29.8966192,"children":{"AgentResetIfDone":{"count":14001,"self":0.2631656,"total":0.2631656,"children":null},"AgentSendState":{"count":14001,"self":0.24030059999999998,"total":0.4410648,"children":{"CollectObservations":{"count":2801,"self":0.2007642,"total":0.2007642,"children":null}}},"DecideAction":{"count":14001,"self":16.992579199999998,"total":20.2001246,"children":{"AgentInfo.ToProto":{"count":2801,"self":3.2075446,"total":3.2075446,"children":null}}},"AcademyStep":{"count":14001,"self":0.0887784,"total":0.0887784,"children":null},"AgentAct":{"count":14001,"self":0.12236169999999999,"total":0.12236169999999999,"children":null}}}