{"count":1,"self":28.8427232,"total":126.93790609999999,"children":{"AgentResetIfDone":{"count":135167,"self":0.3292073,"total":0.3292073,"children":null},"AgentSendState":{"count":135167,"self":0.3217081,"total":1.9360454999999999,"children":{"CollectObservations":{"count":54068,"self":1.6143374,"total":1.6143374,"children":null}}},"DecideAction":{"count":135167,"self":95.2912384,"total":95.2912398,"children":null},"AcademyStep":{"count":135167,"self":0.18557179999999998,"total":0.18557179999999998,"children":null},"AgentAct":{"count":135167,"self":0.3511227,"total":0.3511227,"children":null}}}