{"count":1,"self":1.9439833999999998,"total":3.3280936999999997,"children":{"AgentResetIfDone":{"count":1251,"self":0.0039924,"total":0.0039924,"children":null},"AgentSendState":{"count":1251,"self":0.0089817,"total":0.0299128,"children":{"CollectObservations":{"count":502,"self":0.020931099999999998,"total":0.020931099999999998,"children":null}}},"DecideAction":{"count":1251,"self":1.3232845,"total":1.3232845,"children":null},"AcademyStep":{"count":1251,"self":0.0039824,"total":0.0039824,"children":null},"AgentAct":{"count":1251,"self":0.020945099999999998,"total":0.020945099999999998,"children":null}}}