{"count":1,"self":0.7560241,"total":1.7952105999999999,"children":{"AgentResetIfDone":{"count":917,"self":0.0099715999999999989,"total":0.0099715999999999989,"children":null},"AgentSendState":{"count":917,"self":0.0059832,"total":0.0274336,"children":{"CollectObservations":{"count":368,"self":0.021450399999999998,"total":0.021450399999999998,"children":null}}},"DecideAction":{"count":917,"self":0.99280609999999991,"total":0.99280609999999991,"children":null},"AcademyStep":{"count":917,"self":0.0049866,"total":0.0049866,"children":null},"AgentAct":{"count":917,"self":0.0039886,"total":0.0039886,"children":null}}}